{
  "zone_htg_setpoint_low": 20.933843335099017,
  "zone_htg_setpoint_high": 22.21514642917445,
  "zone_clg_setpoint_low": 23.21514642917445,
  "zone_clg_setpoint_high": 23.771601780968037,
  "sup_temp_at_low": 17.63763331199587,
  "sup_temp_at_high": 17.288054928278797,
  "co2_min_limit": 548.4957417647942,
  "co2_max_limit": 759.5931560008635,
  "flow_low": 0.11428568297167561,
  "flow_moderate": 0.6468713120504829,
  "precondition_hours": 2.112416408793975,
  "night_htg_setback": 0.03001910824027329,
  "night_clg_setup": 0.8262305266247741,
  "min_deadband": 0.9058303710528975,
  "flow_night": 0.09228135059782229,
  "flow_pre_flush": 0.7173409281005465,
  "work_start": 6.105350444839935,
  "work_end": 18.65646511302963,
  "extended_end": 21.58759565072079
}
