{
  "htg_margin": 0.442132,
  "clg_margin": 0.61375,
  "night_htg_setback": 0.401078,
  "night_clg_setup": 0.352914,
  "precondition_hours": 2.347685,
  "sup_temp_cold": 18.047352,
  "sup_temp_warm": 16.564553,
  "return_air_cold_ref": 22.806114,
  "return_air_warm_ref": 25.912967,
  "co2_low_threshold": 564.081543,
  "co2_high_threshold": 751.116498,
  "co2_emergency": 868.054848,
  "flow_min_occupied": 0.119005,
  "flow_boost": 1.0,
  "flow_night": 0.015127,
  "flow_pre_flush": 0.247794,
  "cold_limit_low": -24.451892,
  "cold_limit_high": -17.997919,
  "work_start": 5.203073,
  "work_end": 18.878428,
  "extended_end": 22.224975,
  "min_deadband": 1.142164
}
