{
  "work_start": 7.373768,
  "work_end": 18.081192,
  "min_deadband": 0.965287,
  "co2_low": 688.524773,
  "co2_high": 809.417935,
  "co2_emergency": 987.720288,
  "sup_temp_cold": 19.617488,
  "sup_temp_warm": 18.346062,
  "return_air_cold_ref": 22.692778,
  "return_air_warm_ref": 24.47334,
  "cold_limit_low": -18.089481,
  "cold_limit_high": -14.18535,
  "budget_fraction": 0.091684,
  "supervisor_interval_occ_steps": 6.0,
  "supervisor_interval_unocc_steps": 12.0,
  "comfort_htg_offset": 0.199275,
  "comfort_clg_offset": 0.346119,
  "comfort_flow_occ": 0.336917,
  "comfort_flow_unocc": 0.118235,
  "recovery_flow": 0.474393,
  "purge_flow": 0.424362,
  "economy_flow": 0.006206,
  "co2_flow_min": 0.110993,
  "co2_flow_high": 0.81158,
  "forecast_horizon_h": 6.0,
  "forecast_cold_risk": -1.140551,
  "forecast_hot_risk": 29.253165
}
